URL,Page Title,Title Length,Meta Description,Meta Desc Length,H1 Tag,First 3 H2 Tags,Page Type,Status Code,Images Missing Alt,Quote Buttons
https://sydneycoachcharter.com.au,Sydney Coach Charter | Bus Charter Hire | NSW Accredited,56,Sydney Coach Charter has over 20 Years experience providing coach charter services and bus hire with drivers in Sydney. NSW Government accredited bus hire company.,163,Welcome to Sydney Coach Charter,Reliable Transport for Every Occasion | Our Promise | Discover Our Luxury Fleet,homepage,200,9,6
https://sydneycoachcharter.com.au/,Sydney Coach Charter | Bus Charter Hire | NSW Accredited,56,Sydney Coach Charter has over 20 Years experience providing coach charter services and bus hire with drivers in Sydney. NSW Government accredited bus hire company.,163,Welcome to Sydney Coach Charter,Reliable Transport for Every Occasion | Our Promise | Discover Our Luxury Fleet,homepage,200,9,6
https://sydneycoachcharter.com.au/contact-sydney-coach-charter/,Contact | Sydney Coach Charter | Bus Hire | NSW Accredited,58,Contact the team at Sydney Coach Charter. Hire a Charter Bus with Driver in Sydney. We have over 20-Years’ experience providing coach charter services and bus hire with driver in Sydney.,186,Contact Us,Message Us | Get in Touch,contact,200,5,1
https://sydneycoachcharter.com.au/about-sydney-coach-charter/our-fleet/,Our Fleet | Sydney Coach Charter | Bus Hire Sydney | Coach Hire,63,View our fleet of coach charter buses available for your group transfer across Sydney. Shuttle bus transfers are our speciality. Let Sydney Coach Charter take you where you need to go!,184,Our Fleet,Testimonials | Need a quote for your next Sydney Coach Charter booking? | We're Here to Help,about,200,53,4
https://sydneycoachcharter.com.au/about-sydney-coach-charter/testimonials/,Testimonials | Sydney Coach Charter,35,Read what our customers say about their experience with Sydney Coach Charter. Discover why we’re trusted for reliable and comfortable group travel.,147,Testimonials,Need a quote for your next Sydney Coach Charter booking? | We're Here to Help,about,200,6,4
https://sydneycoachcharter.com.au/about-sydney-coach-charter/frequently-asked-questions/,FAQ | Sydney Coach Charter | Bus Hire | NSW Accredited | Luxury Coach Charter Bus Hire,86,Have any questions? Here are some answers to commonly asked questions. Hire a Charter Bus with Driver in Sydney. We have over 20-Years experience providing coach charter services and bus hire with driver in Sydney.,214,Frequently Asked Questions,Booking & Quotes | Payment & Costs | Bus Types & Features,about,200,5,18
https://sydneycoachcharter.com.au/about-sydney-coach-charter/,About | Sydney Coach Charter | Coach Charter Bus Hire | NSW Accredited | Luxury Bus Hire,88,Learn more about Sydney Coach Charter Bus Hire. We have over 20-Years experience providing coach charter services and bus hire with driver in Sydney. NSW Government accredited bus hire company in Sydney.,203,About Us,Our Story | Reliable Transport for Every Occasion | Testimonials,about,200,9,5
https://sydneycoachcharter.com.au/get-a-quote/,Get a Quote for Bus & Coach Charters | Sydney Coach Charter,59,"Request a free quote for bus and coach charter services in Sydney. Get fast, reliable pricing for school trips, corporate events, weddings, and more.",149,Get a quote,Get a FREE quote for your next booking.,other,200,4,16
https://sydneycoachcharter.com.au/conference-support/,Conference Support | Sydney Coach Charter,41,"Reliable transport support for conferences and business events with modern, well-equipped coaches.",98,Conference Support,Discover Our Luxury Fleet | Testimonials | Need a quote for your next Sydney Coach Charter booking?,other,200,8,4
https://sydneycoachcharter.com.au/vip-and-guest-bus-and-coach-transfers/,VIP and Guest Bus and Coach Transfers | Sydney Coach Charter,60,"Luxury and discreet VIP bus and coach transfers for guests, events, and corporate functions.",92,VIP and Guest Bus and Coach Transfers,Discover Our Luxury Fleet | Testimonials | Need a quote for your next Sydney Coach Charter booking?,other,200,8,4
https://sydneycoachcharter.com.au/conference-delegate-transfers/,Conference Delegate Transfers | Sydney Coach Charter,52,Smooth and timely delegate transfers for conferences and business events with modern coaches.,93,Conference Delegate Transfers,Discover Our Luxury Fleet | Testimonials | Need a quote for your next Sydney Coach Charter booking?,other,200,8,4
https://sydneycoachcharter.com.au/social-outings-concerts-festivals/,"Social Outings, Concerts & Festivals | Sydney Coach Charter",59,"Book hassle-free transport for concerts, festivals, and social outings with our modern fleet.",93,"Social Outings, Concerts & Festivals",Discover Our Luxury Fleet | Testimonials | Need a quote for your next Sydney Coach Charter booking?,other,200,8,4
https://sydneycoachcharter.com.au/aged-care-and-senior-groups/,Aged Care and Senior Groups | Sydney Coach Charter,50,"Safe, comfortable transport for aged care residents and senior groups with friendly, experienced drivers.",105,Aged Care and Senior Groups,Discover Our Luxury Fleet | Testimonials | Need a quote for your next Sydney Coach Charter booking?,other,200,8,4
https://sydneycoachcharter.com.au/community-groups/,Community Groups | Sydney Coach Charter,39,"Affordable and reliable charter services for community groups, clubs, and local events.",87,Community Groups,Discover Our Luxury Fleet | Testimonials | Need a quote for your next Sydney Coach Charter booking?,other,200,8,4
https://sydneycoachcharter.com.au/sporting-groups/,Sporting Groups | Sydney Coach Charter,38,Travel to sporting events with ease using our dedicated bus and coach transport for teams and fans.,99,Sporting Groups,Discover Our Luxury Fleet | Testimonials | Need a quote for your next Sydney Coach Charter booking?,other,200,8,4
https://sydneycoachcharter.com.au/group-bus-and-coach-charters/,Group Bus Hire Sydney | Coach Charter Bus Hire,46,Hire a Coach Charter Bus with Driver in Sydney. We are NSW Government accredited & have over 20-Years experience providing coach charter services and bus hire with driver in Sydney.,181,Group Bus and Coach Charters,Let us take care of the transport. | Discover Our Luxury Fleet | Testimonials,other,200,8,4
https://sydneycoachcharter.com.au/conferences-and-meetings/,Conferences and Meetings | Sydney Coach Charter,47,"Professional group transport for conferences, corporate meetings, and seminars with premium buses.",98,Conferences and Meetings,Discover Our Luxury Fleet | Testimonials | Need a quote for your next Sydney Coach Charter booking?,other,200,8,4
https://sydneycoachcharter.com.au/company-events/,Company Events | Sydney Coach Charter,37,"Reliable bus and coach services for company events, staff outings, and corporate gatherings.",92,Company Events,Discover Our Luxury Fleet | Testimonials | Need a quote for your next Sydney Coach Charter booking?,other,200,8,4
https://sydneycoachcharter.com.au/wedding-celebration-bus-and-coach-charters/,Wedding & Celebration Bus and Coach Charters | Sydney Coach Charter,67,Make your wedding day stress-free with our luxurious and reliable bus and coach charter services.,97,Wedding & Celebration Bus and Coach Charters,Let us take care of the transport. | Discover Our Luxury Fleet | Testimonials,other,200,8,4
https://sydneycoachcharter.com.au/sightseeing-tours-day-trip-bus-and-coach-charters/,Tours & Events Bus Hire | Sydney Coach Charter | NSW Accredited,63,Hire a Sydney Coach Charter Bus with Driver for Tours and Event transfers. We are NSW Government accredited & have over 20-Years experience providing coach charter services and bus hire with driver in Sydney.,208,Sightseeing Tours & Day Trip Bus and Coach Charters,Let us take care of the transport. | Discover Our Luxury Fleet | Testimonials,other,200,8,4
https://sydneycoachcharter.com.au/conference-and-special-event-bus-and-coach-charters/,Conference and Special Event Bus and Coach Charters | Sydney Coach Charter,74,"Premium bus and coach services for conferences, exhibitions, and special events in Sydney.",90,Conference and Special Event Bus and Coach Charters,Reliable Group Travel for Memorable Events | Discover Our Luxury Fleet | Testimonials,other,200,7,4
https://sydneycoachcharter.com.au/airport-and-hotel-transfers/,Airport & Hotel Transfers | Sydney Coach Charter,48,Enjoy seamless airport and hotel transfers with our comfortable buses and punctual drivers in Sydney.,101,Airport and Hotel Transfers,Discover Our Luxury Fleet | Testimonials | Need a quote for your next Sydney Coach Charter booking?,other,200,8,4
https://sydneycoachcharter.com.au/corporate-bus-and-coach-charters/,Corporate Coach Hire Sydney | Bus Hire Sydney | Coach Charter Bus Hire,70,Hire a Sydney Coach Charter Bus with Driver for Corporate Group Transfers. We have over 20-Years experience providing coach charter services and bus hire with driver in Sydney.,176,Corporate Bus and Coach Charters,Discover Our Luxury Fleet | Testimonials | Need a quote for your next Sydney Coach Charter booking?,other,200,7,4
https://sydneycoachcharter.com.au/company-transfers/,Company Transfers | Sydney Coach Charter,40,Efficient and reliable company transfers for employees and clients across Sydney with modern buses and coaches.,111,Company Transfers,Discover Our Luxury Fleet | Testimonials | Need a quote for your next Sydney Coach Charter booking?,other,200,8,4
https://sydneycoachcharter.com.au/school-transport-bus-coach-charters/,School Bus Hire Sydney | Bus Hire Sydney | Coach Charter Bus Hire,65,Hire a Sydney Coach Charter Bus with Driver for school bus Transfers. We have over 20-Years’ experience providing coach charter services and bus hire with driver in Sydney. NSW Government accredited bus hire company in Sydney.,226,School Transport Bus & Coach Charters,Discover Our Luxury Fleet | Testimonials | Need a quote for your next Sydney Coach Charter booking?,other,200,7,4
https://sydneycoachcharter.com.au/school-sporting-transfers/,School Sporting Transfers | Sydney Coach Charter,48,Get your teams to sporting events on time with our comfortable and reliable school sports transfer services.,108,School Sporting Transfers,Discover Our Luxury Fleet | Testimonials | Need a quote for your next Sydney Coach Charter booking?,other,200,7,4
https://sydneycoachcharter.com.au/school-excursions/,School Excursions | Sydney Coach Charter,40,Plan safe and fun school excursions with our professional bus and coach services tailored for schools.,102,School Excursions,Discover Our Luxury Fleet | Testimonials | Need a quote for your next Sydney Coach Charter booking?,other,200,7,4
https://sydneycoachcharter.com.au/school-camps/,School Camps | Sydney Coach Charter,35,"Ensure hassle-free school camp transport with modern buses, experienced drivers, and comfortable seating.",105,School Camps,Discover Our Luxury Fleet | Testimonials | Need a quote for your next Sydney Coach Charter booking?,other,200,7,4
